Sample,Spacer,PAM,Raw_Counts_1
test,oLS-1874,AAAA,53
test,oLS-1874,AAAT,44
test,oLS-1874,AAAC,28
test,oLS-1874,AAAG,46
test,oLS-1874,AATA,41
test,oLS-1874,AATT,43
test,oLS-1874,AATC,42
test,oLS-1874,AATG,48
test,oLS-1874,AACA,63
test,oLS-1874,AACT,43
test,oLS-1874,AACC,36
test,oLS-1874,AACG,45
test,oLS-1874,AAGA,56
test,oLS-1874,AAGT,59
test,oLS-1874,AAGC,57
test,oLS-1874,AAGG,67
test,oLS-1874,ATAA,52
test,oLS-1874,ATAT,72
test,oLS-1874,ATAC,43
test,oLS-1874,ATAG,38
test,oLS-1874,ATTA,44
test,oLS-1874,ATTT,58
test,oLS-1874,ATTC,53
test,oLS-1874,ATTG,73
test,oLS-1874,ATCA,73
test,oLS-1874,ATCT,59
test,oLS-1874,ATCC,56
test,oLS-1874,ATCG,66
test,oLS-1874,ATGA,80
test,oLS-1874,ATGT,107
test,oLS-1874,ATGC,74
test,oLS-1874,ATGG,101
test,oLS-1874,ACAA,65
test,oLS-1874,ACAT,68
test,oLS-1874,ACAC,49
test,oLS-1874,ACAG,51
test,oLS-1874,ACTA,61
test,oLS-1874,ACTT,63
test,oLS-1874,ACTC,54
test,oLS-1874,ACTG,70
test,oLS-1874,ACCA,57
test,oLS-1874,ACCT,40
test,oLS-1874,ACCC,34
test,oLS-1874,ACCG,44
test,oLS-1874,ACGA,57
test,oLS-1874,ACGT,63
test,oLS-1874,ACGC,49
test,oLS-1874,ACGG,44
test,oLS-1874,AGAA,56
test,oLS-1874,AGAT,49
test,oLS-1874,AGAC,35
test,oLS-1874,AGAG,54
test,oLS-1874,AGTA,79
test,oLS-1874,AGTT,91
test,oLS-1874,AGTC,60
test,oLS-1874,AGTG,107
test,oLS-1874,AGCA,89
test,oLS-1874,AGCT,70
test,oLS-1874,AGCC,46
test,oLS-1874,AGCG,75
test,oLS-1874,AGGA,74
test,oLS-1874,AGGT,98
test,oLS-1874,AGGC,72
test,oLS-1874,AGGG,99
test,oLS-1874,TAAA,52
test,oLS-1874,TAAT,65
test,oLS-1874,TAAC,60
test,oLS-1874,TAAG,48
test,oLS-1874,TATA,67
test,oLS-1874,TATT,58
test,oLS-1874,TATC,53
test,oLS-1874,TATG,78
test,oLS-1874,TACA,99
test,oLS-1874,TACT,55
test,oLS-1874,TACC,60
test,oLS-1874,TACG,53
test,oLS-1874,TAGA,94
test,oLS-1874,TAGT,122
test,oLS-1874,TAGC,90
test,oLS-1874,TAGG,73
test,oLS-1874,TTAA,75
test,oLS-1874,TTAT,90
test,oLS-1874,TTAC,59
test,oLS-1874,TTAG,61
test,oLS-1874,TTTA,99
test,oLS-1874,TTTT,99
test,oLS-1874,TTTC,89
test,oLS-1874,TTTG,95
test,oLS-1874,TTCA,109
test,oLS-1874,TTCT,74
test,oLS-1874,TTCC,71
test,oLS-1874,TTCG,87
test,oLS-1874,TTGA,100
test,oLS-1874,TTGT,163
test,oLS-1874,TTGC,116
test,oLS-1874,TTGG,140
test,oLS-1874,TCAA,83
test,oLS-1874,TCAT,94
test,oLS-1874,TCAC,75
test,oLS-1874,TCAG,96
test,oLS-1874,TCTA,83
test,oLS-1874,TCTT,99
test,oLS-1874,TCTC,78
test,oLS-1874,TCTG,101
test,oLS-1874,TCCA,53
test,oLS-1874,TCCT,61
test,oLS-1874,TCCC,61
test,oLS-1874,TCCG,66
test,oLS-1874,TCGA,115
test,oLS-1874,TCGT,100
test,oLS-1874,TCGC,95
test,oLS-1874,TCGG,91
test,oLS-1874,TGAA,107
test,oLS-1874,TGAT,100
test,oLS-1874,TGAC,64
test,oLS-1874,TGAG,100
test,oLS-1874,TGTA,132
test,oLS-1874,TGTT,136
test,oLS-1874,TGTC,110
test,oLS-1874,TGTG,159
test,oLS-1874,TGCA,154
test,oLS-1874,TGCT,124
test,oLS-1874,TGCC,83
test,oLS-1874,TGCG,116
test,oLS-1874,TGGA,160
test,oLS-1874,TGGT,186
test,oLS-1874,TGGC,125
test,oLS-1874,TGGG,133
test,oLS-1874,CAAA,85
test,oLS-1874,CAAT,67
test,oLS-1874,CAAC,53
test,oLS-1874,CAAG,78
test,oLS-1874,CATA,87
test,oLS-1874,CATT,89
test,oLS-1874,CATC,67
test,oLS-1874,CATG,97
test,oLS-1874,CACA,87
test,oLS-1874,CACT,93
test,oLS-1874,CACC,53
test,oLS-1874,CACG,74
test,oLS-1874,CAGA,102
test,oLS-1874,CAGT,117
test,oLS-1874,CAGC,88
test,oLS-1874,CAGG,115
test,oLS-1874,CTAA,73
test,oLS-1874,CTAT,101
test,oLS-1874,CTAC,51
test,oLS-1874,CTAG,66
test,oLS-1874,CTTA,94
test,oLS-1874,CTTT,95
test,oLS-1874,CTTC,84
test,oLS-1874,CTTG,110
test,oLS-1874,CTCA,93
test,oLS-1874,CTCT,85
test,oLS-1874,CTCC,63
test,oLS-1874,CTCG,99
test,oLS-1874,CTGA,119
test,oLS-1874,CTGT,126
test,oLS-1874,CTGC,109
test,oLS-1874,CTGG,120
test,oLS-1874,CCAA,66
test,oLS-1874,CCAT,52
test,oLS-1874,CCAC,72
test,oLS-1874,CCAG,61
test,oLS-1874,CCTA,63
test,oLS-1874,CCTT,76
test,oLS-1874,CCTC,75
test,oLS-1874,CCTG,69
test,oLS-1874,CCCA,75
test,oLS-1874,CCCT,78
test,oLS-1874,CCCC,59
test,oLS-1874,CCCG,64
test,oLS-1874,CCGA,72
test,oLS-1874,CCGT,96
test,oLS-1874,CCGC,66
test,oLS-1874,CCGG,66
test,oLS-1874,CGAA,98
test,oLS-1874,CGAT,96
test,oLS-1874,CGAC,56
test,oLS-1874,CGAG,71
test,oLS-1874,CGTA,126
test,oLS-1874,CGTT,113
test,oLS-1874,CGTC,82
test,oLS-1874,CGTG,131
test,oLS-1874,CGCA,98
test,oLS-1874,CGCT,119
test,oLS-1874,CGCC,83
test,oLS-1874,CGCG,129
test,oLS-1874,CGGA,134
test,oLS-1874,CGGT,135
test,oLS-1874,CGGC,100
test,oLS-1874,CGGG,148
test,oLS-1874,GAAA,48
test,oLS-1874,GAAT,69
test,oLS-1874,GAAC,51
test,oLS-1874,GAAG,57
test,oLS-1874,GATA,78
test,oLS-1874,GATT,88
test,oLS-1874,GATC,67
test,oLS-1874,GATG,95
test,oLS-1874,GACA,76
test,oLS-1874,GACT,66
test,oLS-1874,GACC,56
test,oLS-1874,GACG,67
test,oLS-1874,GAGA,89
test,oLS-1874,GAGT,136
test,oLS-1874,GAGC,66
test,oLS-1874,GAGG,103
test,oLS-1874,GTAA,96
test,oLS-1874,GTAT,96
test,oLS-1874,GTAC,68
test,oLS-1874,GTAG,73
test,oLS-1874,GTTA,125
test,oLS-1874,GTTT,115
test,oLS-1874,GTTC,93
test,oLS-1874,GTTG,115
test,oLS-1874,GTCA,106
test,oLS-1874,GTCT,88
test,oLS-1874,GTCC,91
test,oLS-1874,GTCG,110
test,oLS-1874,GTGA,149
test,oLS-1874,GTGT,168
test,oLS-1874,GTGC,179
test,oLS-1874,GTGG,200
test,oLS-1874,GCAA,110
test,oLS-1874,GCAT,101
test,oLS-1874,GCAC,67
test,oLS-1874,GCAG,87
test,oLS-1874,GCTA,102
test,oLS-1874,GCTT,116
test,oLS-1874,GCTC,89
test,oLS-1874,GCTG,88
test,oLS-1874,GCCA,79
test,oLS-1874,GCCT,91
test,oLS-1874,GCCC,74
test,oLS-1874,GCCG,85
test,oLS-1874,GCGA,95
test,oLS-1874,GCGT,156
test,oLS-1874,GCGC,73
test,oLS-1874,GCGG,130
test,oLS-1874,GGAA,96
test,oLS-1874,GGAT,121
test,oLS-1874,GGAC,90
test,oLS-1874,GGAG,110
test,oLS-1874,GGTA,139
test,oLS-1874,GGTT,141
test,oLS-1874,GGTC,127
test,oLS-1874,GGTG,198
test,oLS-1874,GGCA,132
test,oLS-1874,GGCT,107
test,oLS-1874,GGCC,95
test,oLS-1874,GGCG,133
test,oLS-1874,GGGA,166
test,oLS-1874,GGGT,198
test,oLS-1874,GGGC,150
test,oLS-1874,GGGG,190
